Node,Fidelity node 0,Fidelity node 1,Fidelity node 2,Fidelity node 3,Fidelity node 4,Fidelity node 5
0,0.0,0.11588295388331657,0.08342580760226215,0.9754518854545053,0.9547349079401964,0.4987165570195211
1,0.11588295388331657,0.0,0.7884321824813967,0.1826258923090287,0.17749324804695182,0.2006963851576205
2,0.08342580760226215,0.7884321824813967,0.0,0.022779314040588364,0.006199692732716247,0.6415660483077984
3,0.9754518854545053,0.1826258923090287,0.022779314040588364,0.0,0.993845323471021,0.38170828475398677
4,0.9547349079401964,0.17749324804695182,0.006199692732716247,0.993845323471021,0.0,0.38901355090119694
5,0.4987165570195211,0.2006963851576205,0.6415660483077984,0.38170828475398677,0.38901355090119694,0.0
