,Transaction 1,Transaction 2,Transaction 3,Transaction 4,Node,Old Wallet,Wallet,Payment,Random number,prev_fidelity 0,prev_fidelity 1,prev_fidelity 2,prev_fidelity 3,prev_fidelity 4,prev_fidelity 5
0,20.0,0.0,0.0,0.0,0,0.0,20.0,0.0,00000,0.3870498313315084,0.05509710432994619,0.038932817385473495,0.9861498781758533,0.9818959413396657,0.055839089913123585
1,20.0,0.0,0.0,0.0,1,0.0,20.0,0.0,00000,0.7697381835016293,0.4278876730938317,0.029512764959666038,0.6228175471756863,0.18106810448316002,0.7834689721059068
2,20.0,0.0,0.0,0.0,2,0.0,20.0,0.0,00000,0.0492512985900897,0.2474411825719146,0.33031808287980746,0.025529558307183176,0.9877103038500468,0.07055916820505825
3,20.0,0.0,0.0,0.0,3,0.0,20.0,0.0,00000,0.45115509890616745,0.6938405529257994,0.44166129208076654,0.24875495078805598,0.6448628582370913,0.24557329598778244
4,20.0,0.0,0.0,0.0,4,0.0,20.0,0.0,00000,0.6686605506805423,0.057879124643185675,0.3330092146486394,0.8731114139911806,0.16127230167809892,0.15311565962681684
5,20.0,0.0,0.0,0.0,5,0.0,20.0,0.0,00000,0.2865237156615946,0.3095763833156482,0.12151465411326035,0.5384449492880659,0.44994948562894144,0.19202036650995336
