Node,Old Wallet,Random number,Transaction 5,Transaction 6,Transaction 7,Transaction 8,Payment,Wallet,prev_fidelity 0,prev_fidelity 1,prev_fidelity 2,prev_fidelity 3,prev_fidelity 4,prev_fidelity 5
0,20.0,0110101010,2.0,0.0,0.0,0.0,0.6,22.6,0.3870498313315084,0.0550971043299461,0.0389328173854734,0.9861498781758532,0.9818959413396656,0.0558390899131235
1,20.0,1101110011,-2.0,3.0,0.0,0.0,0.6,21.6,0.7697381835016293,0.4278876730938317,0.029512764959666,0.6228175471756863,0.18106810448316,0.7834689721059068
2,20.0,1111001001,0.0,-3.0,-1.0,0.0,0.2,16.2,0.0492512985900897,0.2474411825719146,0.3303180828798074,0.0255295583071831,0.9877103038500468,0.0705591682050582
3,20.0,0110001011,0.0,0.0,1.0,-3.0,0.2,18.2,0.4511550989061674,0.6938405529257994,0.4416612920807665,0.2487549507880559,0.6448628582370913,0.2455732959877824
4,20.0,0110111001,0.0,0.0,0.0,3.0,0.2,23.2,0.6686605506805423,0.0578791246431856,0.3330092146486394,0.8731114139911806,0.1612723016780989,0.1531156596268168
5,20.0,0100100010,0.0,0.0,0.0,0.0,0.2,20.2,0.2865237156615946,0.3095763833156482,0.1215146541132603,0.5384449492880659,0.4499494856289414,0.1920203665099533
